Enzyme,Source,Recognition sequence,Cut,Isoschizomers
Bsp6I,Bacillus sp. RFL6,GCNGC,2,
Bsp13I,Bacillus sp. 13,TCCGGA,1,"AccIII, BbvAIII, BlfI, BsiMI, BspMII, Bsu23I, Kpn2I, PinBII"
Bsp19I,Bacillus sp. 19,CCATGG,1,
Bsp24I,Bacillus sp. 24,GACN6TGG,16,
Bsp50I,Bacillus sp. RFL50,CGCG,2,"BceBI, Bsh1236I, BstFNI, BstUI, Bsu1532I, FalII, FnuDII, MvnI, ThaI"
Bsp63I,Bacillus sphaericus 63,CTGCAG,5,"AjoI, Asp713I, BloHII, MhaAI, Pfl21I, PstI, SalPI, SflI, Sst12I, YenI"
Bsp67I,Bacillus sphaericus 67,GATC,1,"AspMDI, Bsp143I, BspJI, BtkII, DpnII, LlaAI, NlaII, SsiBI"
Bsp68I,Bacillus sp. RFL68,TCGCGA,3,NruI
Bsp98I,Bacillus sp. RFL98,GGATCC,1,"AccEBI, AliI, BamHI, BnaI, BstI, CelI, OkrAI, NspSAIV, Pfl8I, SurI"
Bsp105I,Bacillus sphaericus 105,GATC,1,"Bfi57I, Bsp143I, BspJI, BtkII, DpnII, LlaAI, NlaII, SsiBI"
Bsp106I,Bacillus sphaericus 106,ATCGAT,2,"BbvAII, Bci29I, BciBI, BcmI, BspOVII, BstNZ169I, Rme21I"
Bsp119I,Bacillus sp. RFL119,TTCGAA,2,"AcpI, Bim19I, Bpu14I, BspT104I, Csp45I, FspII, NspV, SspRFI"
Bsp120I,Bacillus sp. RFL120,GGGCCC,1,"ApaI, PpeI, PspOMI"
Bsp123I,Bacillus sp. 123,CGCG,2,"BceBI, Bsh1236I, BstFNI, BstUI, BtkI, Csp68KVI, FnuDII, MvnI, ThaI"
Bsp143I,Bacillus sp. RFL143,GATC,1,"Bce243I, Bsp105I, BspFI, BstKTI, CpfI, HacI, NdeII, Sth368I, Sau3AI"
Bsp143II,Bacillus sp. RFL143,RGCGCY,5,"AccB2I,  BfoI, Bme142I, BstH2I, HaeII, LpnI"
Bsp211I,Bacillus sphaericus 211,GGCC,2,
Bsp423I,Bacillus sp. 423,GCAGC,8,"AlwXI, BbvI, BseKI, BseXI, Bst12I, Bst71I, BstV1I"
Bsp519I,Bacillus sp. 519,GRGCYC,5,
Bsp1286I,Bacillus sphaericus,GDGCHC,5,"AocII, BmyI, BsoCI, Bsp1286I, BspLS2I, NspII, SduI"
Bsp1407I,Bacillus stearothermophilus RFL1407,TGTACA,1,"AauI,  BsmRI, BsrGI, BstAUI, Ssp4800I, SspBI"
Bsp1720I,Bacillus sp. 1720,GCTNAGC,2,
Bsp1894I,Bacillus sphaericus 1894,GGNCC,1,"AspS9I, Bac36I, BavBII, BshKI, BspBII, CcuI, MaeK81II, Pde12I"
Bsp2095I,Bacillus sphaericus 2095,GATC,1,"Bfi57I, Bsp143I, BspKT6I, BtkII, DpnII, LlaAI, NlaII, SsiBI"
Bsp4009I,Bacillus sp. 4009,GGATCC,1,"AccEBI, AliI, ApaCI, BamHI, BstI, CelI, OkrAI, Pfl8I, RspLKII, SurI"
BspAI,Bacillus sphaericus JL4B,GATC,1,"Bfi57I, Bsp2095I, BspKT6I, BtkII, DpnII, LlaAI, NlaII, SsiBI"
BspA2I,Bacillus sp. A2,CCTAGG,1,"AspA2I, AvrII, AvrBII, BlnI, XmaJI"
Bsp153AI,Bacillus sp. 153A,CAGCTG,3,
BspAAI,Bacillus sp. AA,CTCGAG,1,"AbrI, BluI, BstVI, PanI, SauLPII, SciI, SlaI, StrI, TliI"
BspAAII,Bacillus sp. AA,TCTAGA,1,
BspAAIII,Bacillus sp. AA,GGATCC,1,"AccEBI, AliI, ApaCI, AsiI, BamHI, Bce751I, Pfl8I, RspLKII, SolI"
BspANI,Bacillus sp. AN,GGCC,2,
BspBI,Bacillus sphaericus JL14,CTGCAG,5,"AjoI, ApiI, Asp713I, BloHII, CfrA4I, Pfl21I, PstI, SalPI, Sst12I, YenI"
BspBII,Bacillus sphaericus JL14,GGNCC,1,"AsuI, Bac36I, BavBII, BshKI, BspF4I, CcuI, MaeK81II, PspPI"
BspBRI,Bacillus sp.,GGCC,2,
BspBS31I,Bacillus sp. BS31,GAAGAC,8,
BspCI,Bacillus sp. C1,CGATCG,4,"Afa16RI, Afa22MI, EagBI, ErhB9I, NblI, Psu161I, RshI, XorII"
BspCNI,Bacillus sp. 1310,CTCAG,10,
BspDI,Bacillus sp.,ATCGAT,2,"AagI, BanIII, BavCI, Bsa29I, BseCI, Bsu15I, BsuTUI, ClaI, ZhoI"
BspD6I,Bacillus sp. D6,GACTC,9,
BspEI,Bacillus sp.,TCCGGA,1,"AccIII, BlfI, BsiMI, Bsp13I, BspMII, CauB3I, MroI, PinBII"
BspFI,Bacillus sp.,GATC,1,"Bfi57I, Bsp2095I, BspKT6I, BtkII, DpnII, LlaAI, NlaII, SsiBI"
BspF4I,Bacillus sp. F4,GGNCC,1,"AsuI, Bac36I, BavBII, BsiZI, BspBII, CcuI, MaeK81II, PspPI"
BspHI,Bacillus sp. H3,TCATGA,1,
BspIS4I,Bacillus sp. IS4,GAAGAC,8,
BspJI,Bacillus sp.,GATC,1,"BfuCI, Bsp2095I, BspKT6I, BtkII, DpnII, LlaAI, NmeCI, SsiAI"
BspJII,Bacillus sp.,ATCGAT,2,"Bsa29I, BseCI, Bsp106I, BspDI, BspOVII, BspXI, BspZEI"
BspKI,Bacillus sp. K,GGCC,2,
BspKT5I,Bacillus sp.,CTGAAG,13,
BspKT6I,Bacillus sp. KT6,GATC,3,"BfuCI, Bsp2095I, Bst19II, BstKTI, DpnII, LlaAI, NmeCI, SsiAI"
BspKT8I,Bacillus sp. KT8,AAGCTT,1,
BspLI,Bacillus sp. RJ3-212,GGNNCC,3,"AspNI, BscBI,  BmiI, NlaIV, PspN4I"
BspLAI,Bacillus sp. LA,GCGC,3,"AspLEI, BstHHI, CfoI, FnuDIII, HhaI, Hin6I, HinP1I, HsoI, HspAI, SciNI"
BspLAII,Bacillus sp. LA,TTCGAA,2,
BspLAIII,Bacillus sp. LA,AAGCTT,1,
BspLS2I,Bacillus sp. LS2,GDGCHC,5,"AocII, BmyI, BsoCI, BspLS2I, MhlI, NspII, SduI"
BspLU4I,Bacillus sp. LU4,CYCGRG,1,"Ama87I, AvaI, Bse15I, BsoBI, BstSI, NspIII, NspSAI, OfoI"
BspLU11I,Bacillus sp. LU11,ACATGT,1,
BspLU11III,Bacillus sp. LU11,GGGAC,9,
BspMI,Bacillus sp. M,ACCTGC,10,"Acc36I, BfuAI, BveI"
BspMII,Bacillus sp. M,TCCGGA,1,"AccIII, BbvAIII, BlfI, BsiMI, BspEI, Bsu23I, CauB3I, MroI"
BspM39I,Bacillus sp. M39,CAGCTG,3,
BspM90I,Bacillus sp. M90,GTATAC,3,
BspMAI,Bacillus stearothermophilus MA,CTGCAG,5,"AjoI, Asp713I, BloHII, PaePI, Psp23I, PstI, SalPI, Sst12I, YenI"
BspMKI,Bacillus sp. MKI,GTCGAC,1,
BspNI,Bacillus sp. N,CCWGG,2,"AglI, BseBI, Bse17I, Bst2I, CbrI, CthII, EcoRII, MvaI, SspAI, TaqXI"
BspO4I,Bacillus sp. O-4,CAGCTG,3,
BspOVI,Bacillus sp. OV,GACN5GTC,6,"AhdI, AspEI,  BmeRI, DriI, Eam1105I, EclHKI, NruGI"
BspOVII,Bacillus sp. OV,ATCGAT,2,"BanIII, BavCI, BciBI, BcmI, Bli86I, BliRI, BspJII, BstNZ169I, SpmI"
BspPI,Bacillus sp. d 1-34,GGATC,9,"AclWI, AlwI, BinI,  BsrWI, BstH9I,  Bst31TI, Bth617I, EacI"
BspRI,Bacillus sphaericus R,GGCC,2,
BspR7I,Bacillus sp. R7,CCTNAGG,2,"AocI, AxyI, Bse21I, Bsu36I, Eco81I, MstII, SauI, SshAI"
BspST5I,Bacillus sp. ST5,GCATC,8,
BspTI,Bacillus sp. RFL1265,CTTAAG,1,AflII
BspT104I,Bacillus sp. T104,TTCGAA,2,"AcpI, Bim19I, Bpu14I, BstBI, Csp45I, LspI, NspV, SspRFI"
BspT107I,Bacillus sp. T107,GGYRCC,1,"AccB1I, BanI, BbvBI, Eco64I, HgiCI, HgiHI, MspB4I, PfaAI"
BspTNI,Bacillus sp. TN,GGTCTC,7,
BspTS514I,Bacillus sp. TS514,GAAGAC,8,
BspWI,Bacillus sp. 3456,GCN7GC,7,
BspXI,Bacillus sphaericus X,ATCGAT,2,"BliAI, BliRI, BscI, Bst28I, Bsu15I, LcaI, PgaI, Ssp27144I, ZhoI"
BspXII,Bacillus sphaericus X,TGATCA,1,"AbaI, BclI, BsiQI, BstT7I, FbaI, Ksp22I,  ParI"
BspZEI,Bacillus sp. ZE,ATCGAT,2,"Bsa29I, BseCI, BspDI, BspXI, Bst28I, BstNZ169I, BsuTUI, LplI"
